Dates,Time,Name,Allocated_Block
11-Nov-2024,10:00 AM,dextra,1
11-Nov-2024,10:00 AM,Dev Maurya,2
11-Nov-2024,10:00 AM,Krupa,3
11-Nov-2024,10:00 AM,vj,4
11-Nov-2024,10:00 AM,vjk,5
12-Nov-2024,10:00 AM,Apple,1
12-Nov-2024,10:00 AM,Krish,2
12-Nov-2024,10:00 AM,vjk,3
13-Nov-2024,10:00 AM,vj,1
13-Nov-2024,10:00 AM,vjk,2
13-Nov-2024,10:00 AM,Dev Maurya,3
13-Nov-2024,10:00 AM,Apple,4
14-Nov-2024,12:15 AM,vp,1
14-Nov-2024,12:15 AM,dex,2
14-Nov-2024,12:15 AM,Krish,3
14-Nov-2024,12:15 AM,vj,4
15-Nov-2024,10:00 AM,Apple,1
15-Nov-2024,10:00 AM,Krish,2
15-Nov-2024,10:00 AM,vj,3
16-Nov-2024,12:15 AM,Apple,1
16-Nov-2024,12:15 AM,Krish,2
16-Nov-2024,12:15 AM,vp,3
16-Nov-2024,12:15 AM,Dev Maurya,4
16-Nov-2024,12:15 AM,A,5
16-Nov-2024,12:15 AM,Krupa,6
17-Nov-2024,12:15 AM,Krupa,1
17-Nov-2024,12:15 AM,A,2
17-Nov-2024,12:15 AM,dex,3
17-Nov-2024,12:15 AM,vjk,4
17-Nov-2024,12:15 AM,vj,5
17-Nov-2024,12:15 AM,Dev Maurya,6
17-Nov-2024,12:15 AM,Krish,7
17-Nov-2024,12:15 AM,dextra,8
17-Nov-2024,12:15 AM,Apple,9
17-Nov-2024,12:15 AM,vp,10
